{
  "region": "isocortex",
  "stratum_variable": "layer",
  "n_mocks": 50,
  "n_bootstrap": 200,
  "results": [
    {
      "cell_type": "01 IT-ET Glut",
      "n_cells": 441026,
      "chi2_overall": 33035.983813111205,
      "p_overall": 1.1102230246251565e-16,
      "chi2_within_stratum": 3224.5842233377243,
      "p_within_stratum": 1.1102230246251565e-16,
      "mediation_pct": 90.23917604034554,
      "mediation_ci_lo": 83.78810021286205,
      "mediation_ci_hi": 93.79074411504776,
      "n_bootstrap": 200,
      "peak_vmr_ratio_overall": 1.1995993093204735,
      "peak_vmr_ratio_within_stratum": 1.0469659688433985,
      "scales_um": [
        81.0374352942761,
        162.0748705885522,
        202.59358823569022,
        283.63102352996634,
        324.1497411771044,
        405.18717647138044,
        445.70589411851853,
        567.2620470599327,
        607.7807647070707,
        729.3369176484848,
        810.3743529427609,
        1012.9679411784512
      ],
      "n_mocks_overall": 50,
      "n_mocks_stratum": 50
    },
    {
      "cell_type": "02 NP-CT-L6b Glut",
      "n_cells": 131873,
      "chi2_overall": 80800.55807300346,
      "p_overall": 1.1102230246251565e-16,
      "chi2_within_stratum": 4515.1160699558095,
      "p_within_stratum": 1.1102230246251565e-16,
      "mediation_pct": 94.41202365721733,
      "mediation_ci_lo": 87.5623416524402,
      "mediation_ci_hi": 96.77809859724483,
      "n_bootstrap": 200,
      "peak_vmr_ratio_overall": 2.0352207123463812,
      "peak_vmr_ratio_within_stratum": 1.1513809983529273,
      "scales_um": [
        81.0374352942761,
        162.0748705885522,
        202.59358823569022,
        283.63102352996634,
        324.1497411771044,
        405.18717647138044,
        445.70589411851853,
        567.2620470599327,
        607.7807647070707,
        729.3369176484848,
        810.3743529427609,
        1012.9679411784512
      ],
      "n_mocks_overall": 50,
      "n_mocks_stratum": 50
    },
    {
      "cell_type": "03 OB-CR Glut",
      "n_cells": 133,
      "chi2_overall": 1492.9806138772947,
      "p_overall": 1.1102230246251565e-16,
      "chi2_within_stratum": 502.7445346523985,
      "p_within_stratum": 3.3306690738754696e-16,
      "mediation_pct": 66.32611770177223,
      "mediation_ci_lo": 29.09759767507847,
      "mediation_ci_hi": 82.03388709799984,
      "n_bootstrap": 200,
      "peak_vmr_ratio_overall": 2.9904157622665566,
      "peak_vmr_ratio_within_stratum": 2.595130600139559,
      "scales_um": [
        81.0374352942761,
        162.0748705885522,
        202.59358823569022,
        283.63102352996634,
        324.1497411771044,
        405.18717647138044,
        445.70589411851853,
        567.2620470599327,
        607.7807647070707,
        729.3369176484848,
        810.3743529427609,
        1012.9679411784512
      ],
      "n_mocks_overall": 50,
      "n_mocks_stratum": 50
    },
    {
      "cell_type": "05 OB-IMN GABA",
      "n_cells": 354,
      "chi2_overall": 169259.3995651521,
      "p_overall": 1.1102230246251565e-16,
      "chi2_within_stratum": 151865.09784491814,
      "p_within_stratum": 1.1102230246251565e-16,
      "mediation_pct": 10.276712410018007,
      "mediation_ci_lo": -58.35996510682947,
      "mediation_ci_hi": 53.62677945494264,
      "n_bootstrap": 200,
      "peak_vmr_ratio_overall": 13.694773339203035,
      "peak_vmr_ratio_within_stratum": 14.695078700106416,
      "scales_um": [
        81.0374352942761,
        162.0748705885522,
        202.59358823569022,
        283.63102352996634,
        324.1497411771044,
        405.18717647138044,
        445.70589411851853,
        567.2620470599327,
        607.7807647070707,
        729.3369176484848,
        810.3743529427609,
        1012.9679411784512
      ],
      "n_mocks_overall": 50,
      "n_mocks_stratum": 50
    },
    {
      "cell_type": "06 CTX-CGE GABA",
      "n_cells": 26330,
      "chi2_overall": 749.6743498484368,
      "p_overall": 1.1102230246251565e-16,
      "chi2_within_stratum": 167.81067344105318,
      "p_within_stratum": 6.801798679845206e-09,
      "mediation_pct": 77.61552419727582,
      "mediation_ci_lo": 60.34408288097112,
      "mediation_ci_hi": 88.181189416404,
      "n_bootstrap": 200,
      "peak_vmr_ratio_overall": 1.0406411934785211,
      "peak_vmr_ratio_within_stratum": 1.023330357406811,
      "scales_um": [
        81.0374352942761,
        162.0748705885522,
        202.59358823569022,
        283.63102352996634,
        324.1497411771044,
        405.18717647138044,
        445.70589411851853,
        567.2620470599327,
        607.7807647070707,
        729.3369176484848,
        810.3743529427609,
        1012.9679411784512
      ],
      "n_mocks_overall": 50,
      "n_mocks_stratum": 50
    },
    {
      "cell_type": "07 CTX-MGE GABA",
      "n_cells": 56619,
      "chi2_overall": 2621.2428394390117,
      "p_overall": 1.1102230246251565e-16,
      "chi2_within_stratum": 256.85201295613365,
      "p_within_stratum": 1.4430123762565472e-11,
      "mediation_pct": 90.20113630482615,
      "mediation_ci_lo": 83.73555741433661,
      "mediation_ci_hi": 94.68785349161085,
      "n_bootstrap": 200,
      "peak_vmr_ratio_overall": 1.2222806950572103,
      "peak_vmr_ratio_within_stratum": 1.0469041701755804,
      "scales_um": [
        81.0374352942761,
        162.0748705885522,
        202.59358823569022,
        283.63102352996634,
        324.1497411771044,
        405.18717647138044,
        445.70589411851853,
        567.2620470599327,
        607.7807647070707,
        729.3369176484848,
        810.3743529427609,
        1012.9679411784512
      ],
      "n_mocks_overall": 50,
      "n_mocks_stratum": 50
    },
    {
      "cell_type": "08 CNU-MGE GABA",
      "n_cells": 848,
      "chi2_overall": 33.47425832055372,
      "p_overall": 0.03528390820044036,
      "chi2_within_stratum": 33.05976417706134,
      "p_within_stratum": 0.03761695810336074,
      "mediation_pct": 1.2382474303781033,
      "mediation_ci_lo": -78.29419402400411,
      "mediation_ci_hi": 51.386016124396335,
      "n_bootstrap": 200,
      "peak_vmr_ratio_overall": 1.1447750020320886,
      "peak_vmr_ratio_within_stratum": 1.0619086170540981,
      "scales_um": [
        81.0374352942761,
        162.0748705885522,
        202.59358823569022,
        283.63102352996634,
        324.1497411771044,
        405.18717647138044,
        445.70589411851853,
        567.2620470599327,
        607.7807647070707,
        729.3369176484848,
        810.3743529427609,
        1012.9679411784512
      ],
      "n_mocks_overall": 50,
      "n_mocks_stratum": 50
    },
    {
      "cell_type": "09 CNU-LGE GABA",
      "n_cells": 225,
      "chi2_overall": 19473.144275427774,
      "p_overall": 1.1102230246251565e-16,
      "chi2_within_stratum": 12988.483999430213,
      "p_within_stratum": 1.1102230246251565e-16,
      "mediation_pct": 33.30053012640718,
      "mediation_ci_lo": -28.994058236099228,
      "mediation_ci_hi": 61.12349894700101,
      "n_bootstrap": 200,
      "peak_vmr_ratio_overall": 6.712931708464747,
      "peak_vmr_ratio_within_stratum": 5.344195144431877,
      "scales_um": [
        81.0374352942761,
        162.0748705885522,
        202.59358823569022,
        283.63102352996634,
        324.1497411771044,
        405.18717647138044,
        445.70589411851853,
        567.2620470599327,
        607.7807647070707,
        729.3369176484848,
        810.3743529427609,
        1012.9679411784512
      ],
      "n_mocks_overall": 50,
      "n_mocks_stratum": 50
    },
    {
      "cell_type": "13 CNU-HYa Glut",
      "n_cells": 177,
      "chi2_overall": 19821.530039567355,
      "p_overall": 1.1102230246251565e-16,
      "chi2_within_stratum": 24391.835313443153,
      "p_within_stratum": 1.1102230246251565e-16,
      "mediation_pct": -23.05727794349197,
      "mediation_ci_lo": -106.3481809071603,
      "mediation_ci_hi": 34.468716274163626,