{
  "isocortex": {
    "vmr": [
      16.72142991401367,
      64.61709837675924,
      142.8970415251338,
      311.89209588121213,
      466.4176875950349,
      744.5746028453982,
      1113.7666056083112,
      1476.862184446088,
      2264.7614465026995,
      3778.1153623709715,
      5578.154075241832,
      7620.1493852439635
    ],
    "scales_um": [
      40.51871764713805,
      81.0374352942761,
      121.55615294141414,
      182.3342294121212,
      222.85294705925926,
      283.63102352996634,
      344.4091000006734,
      405.18717647138044,
      506.4839705892256,
      668.5588411777778,
      830.63371176633,
      992.7085823548822
    ],
    "null_vmr_mean": [
      4.971727420851893,
      16.677494668043597,
      34.87087416725723,
      69.62445039786033,
      104.52517599074395,
      161.10908665159315,
      250.77396953004012,
      299.4563069267915,
      449.8073687224244,
      697.6208380483229,
      981.672518518154,
      1286.3143338467726
    ],
    "null_vmr_std": [
      0.0060989961960534154,
      0.014028822461678199,
      0.02960634001541852,
      0.05434323117516719,
      0.0822930337267044,
      0.10495014140010588,
      0.24451647886800376,
      0.4356618938288257,
      0.5396855922057426,
      1.088250869772374,
      1.9370286149132268,
      2.878378297477757
    ],
    "n_cells": 936281
  },
  "hippocampus": {
    "vmr": [
      9.893407275067599,
      36.96417042128268,
      109.08488551889077,
      174.87107819154537,
      258.8171551226637,
      357.5370061749873,
      602.9865745505034,
      890.0719662727323,
      1294.6261843898255,
      1786.8009509512929,
      3151.0108813259853,
      4223.272344061746
    ],
    "scales_um": [
      39.48245578395437,
      78.96491156790874,
      138.1885952438403,
      177.67105102779468,
      217.15350681174905,
      256.6359625957034,
      335.60087416361216,
      414.5657857315209,
      513.2719251914068,
      611.9780646512928,
      829.1315714630418,
      1006.8026224908365
    ],
    "null_vmr_mean": [
      2.2503992287586634,
      5.940504034639819,
      15.62500877311741,
      22.469997002401207,
      33.4154873011918,
      46.18490369940197,
      79.19805760468807,
      108.76328957420557,
      146.44857354795994,
      202.8429966136071,
      366.90154655646194,
      539.2597659613568
    ],
    "null_vmr_std": [
      0.00616741839580307,
      0.01021623408525227,
      0.020555012159236045,
      0.04103248625520754,
      0.06281857633596141,
      0.09655118461656195,
      0.21746468665573884,
      0.28615949469069674,
      0.45778412557475573,
      0.5883409837162983,
      0.9943918387493845,
      1.9044171174245657
    ],
    "n_cells": 304736
  },
  "thalamus": {
    "vmr": [
      2.3141151534348836,
      10.35159403793529,
      19.633228423494167,
      38.79352886463554,
      72.10983364332732,
      122.93512914810069,
      189.35967944875247,
      320.0693835418759,
      522.7275470385133,
      905.7140457324576,
      1106.0726008808444,
      1450.7342425208903
    ],
    "scales_um": [
      22.414385671470182,
      56.03596417867546,
      78.45034985014564,
      112.07192835735091,
      156.90069970029128,
      212.93666387896673,
      257.76543522190707,
      336.2157850720527,
      459.49490626513875,
      616.39560596543,
      750.8819199942511,
      997.4401623804231
    ],
    "null_vmr_mean": [
      1.6758109833735175,
      5.049283649033529,
      8.944080748458475,
      16.683743907950664,
      28.79073573433006,
      44.86048776682142,
      73.33560617159841,
      124.3649870011059,
      169.79096945289433,
      286.3224725895671,
      280.4038293767343,
      309.7405276759693
    ],
    "null_vmr_std": [
      0.0072833492527498095,
      0.019545856637216235,
      0.020033735033481236,
      0.05089996808957695,
      0.07218219712109451,
      0.14442115816914128,
      0.23778187880489957,
      0.48392825605251527,
      0.9092625946667501,
      1.5675141358971016,
      2.519285529541207,
      4.399989855947557
    ],
    "n_cells": 133787
  }
}