{
  "region": "thalamus",
  "stratum_variable": "nucleus",
  "n_mocks": 50,
  "n_bootstrap": 200,
  "results": [
    {
      "cell_type": "11 CNU-HYa GABA",
      "n_cells": 71,
      "chi2_overall": 571.9223841417736,
      "p_overall": 1.1102230246251565e-16,
      "chi2_within_stratum": 49.76170710109815,
      "p_within_stratum": 0.0029522118216601667,
      "mediation_pct": 91.29922022972215,
      "mediation_ci_lo": 82.94847310070475,
      "mediation_ci_hi": 96.01526706766369,
      "n_bootstrap": 200,
      "peak_vmr_ratio_overall": 3.2479977477411666,
      "peak_vmr_ratio_within_stratum": 1.6937623566230857,
      "scales_um": [
        44.828771342940364,
        89.65754268588073,
        134.48631402882108,
        179.31508537176146,
        224.14385671470183,
        268.97262805764217,
        381.0445564149931,
        448.28771342940365,
        560.3596417867545,
        672.4315701441054,
        829.3322698443967,
        1008.6473552161582
      ],
      "n_mocks_overall": 50,
      "n_mocks_stratum": 50
    },
    {
      "cell_type": "12 HY GABA",
      "n_cells": 8157,
      "chi2_overall": 34383.94108360121,
      "p_overall": 1.1102230246251565e-16,
      "chi2_within_stratum": 171.7553324307519,
      "p_within_stratum": 4.947530940491163e-09,
      "mediation_pct": 99.50047805161967,
      "mediation_ci_lo": 99.10425032467418,
      "mediation_ci_hi": 99.72728216075818,
      "n_bootstrap": 200,
      "peak_vmr_ratio_overall": 3.727861848168181,
      "peak_vmr_ratio_within_stratum": 1.0779659403608997,
      "scales_um": [
        44.828771342940364,
        89.65754268588073,
        134.48631402882108,
        179.31508537176146,
        224.14385671470183,
        268.97262805764217,
        381.0445564149931,
        448.28771342940365,
        560.3596417867545,
        672.4315701441054,
        829.3322698443967,
        1008.6473552161582
      ],
      "n_mocks_overall": 50,
      "n_mocks_stratum": 50
    },
    {
      "cell_type": "13 CNU-HYa Glut",
      "n_cells": 305,
      "chi2_overall": 78970.90530690085,
      "p_overall": 1.1102230246251565e-16,
      "chi2_within_stratum": 25151.261631201058,
      "p_within_stratum": 1.1102230246251565e-16,
      "mediation_pct": 68.15123046461616,
      "mediation_ci_lo": 44.54937433589475,
      "mediation_ci_hi": 83.48987037602652,
      "n_bootstrap": 200,
      "peak_vmr_ratio_overall": 17.764062915967557,
      "peak_vmr_ratio_within_stratum": 8.021783704169051,
      "scales_um": [
        44.828771342940364,
        89.65754268588073,
        134.48631402882108,
        179.31508537176146,
        224.14385671470183,
        268.97262805764217,
        381.0445564149931,
        448.28771342940365,
        560.3596417867545,
        672.4315701441054,
        829.3322698443967,
        1008.6473552161582
      ],
      "n_mocks_overall": 50,
      "n_mocks_stratum": 50
    },
    {
      "cell_type": "14 HY Glut",
      "n_cells": 84,
      "chi2_overall": 4283.576461410894,
      "p_overall": 1.1102230246251565e-16,
      "chi2_within_stratum": 394.8612537911977,
      "p_within_stratum": 1.5987211554602254e-14,
      "mediation_pct": 90.781972556149,
      "mediation_ci_lo": 82.52835384464134,
      "mediation_ci_hi": 95.19834302591876,
      "n_bootstrap": 200,
      "peak_vmr_ratio_overall": 9.551395332497307,
      "peak_vmr_ratio_within_stratum": 2.558295919399668,
      "scales_um": [
        44.828771342940364,
        89.65754268588073,
        134.48631402882108,
        179.31508537176146,
        224.14385671470183,
        268.97262805764217,
        381.0445564149931,
        448.28771342940365,
        560.3596417867545,
        672.4315701441054,
        829.3322698443967,
        1008.6473552161582
      ],
      "n_mocks_overall": 50,
      "n_mocks_stratum": 50
    },
    {
      "cell_type": "17 MH-LH Glut",
      "n_cells": 5278,
      "chi2_overall": 3139519.3474930115,
      "p_overall": 1.1102230246251565e-16,
      "chi2_within_stratum": 582.3664112812896,
      "p_within_stratum": 1.1102230246251565e-16,
      "mediation_pct": 99.98145045955056,
      "mediation_ci_lo": 99.95319343412761,
      "mediation_ci_hi": 99.99089569361969,
      "n_bootstrap": 200,
      "peak_vmr_ratio_overall": 40.13886442232207,
      "peak_vmr_ratio_within_stratum": 1.1216900394754261,
      "scales_um": [
        44.828771342940364,
        89.65754268588073,
        134.48631402882108,
        179.31508537176146,
        224.14385671470183,
        268.97262805764217,
        381.0445564149931,
        448.28771342940365,
        560.3596417867545,
        672.4315701441054,
        829.3322698443967,
        1008.6473552161582
      ],
      "n_mocks_overall": 50,
      "n_mocks_stratum": 50
    },
    {
      "cell_type": "18 TH Glut",
      "n_cells": 56668,
      "chi2_overall": 12638.953065202513,
      "p_overall": 1.1102230246251565e-16,
      "chi2_within_stratum": 111.9113118503863,
      "p_within_stratum": 1.1949188822857337e-06,
      "mediation_pct": 99.11455235830806,
      "mediation_ci_lo": 98.48206823080686,
      "mediation_ci_hi": 99.52545373576378,
      "n_bootstrap": 200,
      "peak_vmr_ratio_overall": 1.6612344561335326,
      "peak_vmr_ratio_within_stratum": 1.017931374760672,
      "scales_um": [
        44.828771342940364,
        89.65754268588073,
        134.48631402882108,
        179.31508537176146,
        224.14385671470183,
        268.97262805764217,
        381.0445564149931,
        448.28771342940365,
        560.3596417867545,
        672.4315701441054,
        829.3322698443967,
        1008.6473552161582
      ],
      "n_mocks_overall": 50,
      "n_mocks_stratum": 50
    },
    {
      "cell_type": "19 MB Glut",
      "n_cells": 2617,
      "chi2_overall": 45895.75024413818,
      "p_overall": 1.1102230246251565e-16,
      "chi2_within_stratum": 1014.3463044532944,
      "p_within_stratum": 1.1102230246251565e-16,
      "mediation_pct": 97.7898905692628,
      "mediation_ci_lo": 95.5387457201127,
      "mediation_ci_hi": 99.0772015438994,
      "n_bootstrap": 200,
      "peak_vmr_ratio_overall": 5.5428299978806335,
      "peak_vmr_ratio_within_stratum": 1.6196098748794587,
      "scales_um": [
        44.828771342940364,
        89.65754268588073,
        134.48631402882108,
        179.31508537176146,
        224.14385671470183,
        268.97262805764217,
        381.0445564149931,
        448.28771342940365,
        560.3596417867545,
        672.4315701441054,
        829.3322698443967,
        1008.6473552161582
      ],
      "n_mocks_overall": 50,
      "n_mocks_stratum": 50
    },
    {
      "cell_type": "20 MB GABA",
      "n_cells": 1149,
      "chi2_overall": 34582.615721038455,
      "p_overall": 1.1102230246251565e-16,
      "chi2_within_stratum": 360.14948286317895,
      "p_within_stratum": 7.149836278586008e-14,
      "mediation_pct": 98.9585822953118,
      "mediation_ci_lo": 97.89792774161373,
      "mediation_ci_hi": 99.49268564728348,
      "n_bootstrap": 200,
      "peak_vmr_ratio_overall": 5.275471411661524,
      "peak_vmr_ratio_within_stratum": 1.427283030383303,
      "scales_um": [
        44.828771342940364,
        89.65754268588073,
        134.48631402882108,
        179.31508537176146,
        224.14385671470183,
        268.97262805764217,
        381.0445564149931,
        448.28771342940365,
        560.3596417867545,
        672.4315701441054,
        829.3322698443967,
        1008.6473552161582
      ],
      "n_mocks_overall": 50,
      "n_mocks_stratum": 50
    },
    {
      "cell_type": "30 Astro-Epen",
      "n_cells": 19713,
      "chi2_overall": 4888.879216891908,
      "p_overall": 1.1102230246251565e-16,
      "chi2_within_stratum": 1316.959289433113,
      "p_within_stratum": 1.1102230246251565e-16,
      "mediation_pct": 73.06214305964454,
      "mediation_ci_lo": 51.068784243931916,
      "mediation_ci_hi": 85.25154170616477,
      "n_bootstrap": 200,